ubigeo,departamento,declaratorias,prorrogas,capital,latitud,longitud,lluvia_total_mm,dias_lluvia_fuerte
01,Amazonas,1,0,Chachapoyas,-6.23169,-77.86903,436.5,1
02,Áncash,0,0,Huaraz,-9.52614,-77.52869,975.3,7
03,Apurímac,0,0,Abancay,-13.63426,-72.8838,711.8,2
04,Arequipa,0,0,Arequipa,-16.39899,-71.53747,189.9,0
05,Ayacucho,1,0,Ayacucho,-13.1638,-74.22345,485.1,0
06,Cajamarca,0,0,Cajamarca,-7.16378,-78.50027,773.3,1
07,Callao,0,0,Callao,-12.05162,-77.13452,39.2,0
08,Cusco,0,0,Cusco,-13.53188,-71.96701,710.7,3
09,Huancavelica,0,0,Huancavelica,-12.78691,-74.97298,803.8,1
10,Huánuco,0,0,Huánuco,-9.92882,-76.23989,444.8,1
11,Ica,0,0,Ica,-14.07538,-75.73422,25.1,0
12,Junín,0,0,Huancayo,-12.06866,-75.21027,910.4,5
13,La Libertad,0,0,Trujillo,-8.11599,-79.02998,98.9,1
14,Lambayeque,0,0,Chiclayo,-6.77008,-79.85495,98.8,0
15,Lima,0,0,Huacho,-11.11718,-77.60584,13.9,0
16,Loreto,0,0,Iquitos,-3.74814,-73.2529,1581.8,25
17,Madre de Dios,0,0,Puerto Maldonado,-12.58946,-69.19948,908.0,13
18,Moquegua,0,0,Moquegua,-17.19747,-70.93587,17.8,0
19,Pasco,0,0,Cerro de Pasco,-10.66577,-76.25309,774.0,0
20,Piura,1,0,Piura,-5.18192,-80.65715,89.2,0
21,Puno,0,0,Puno,-15.84003,-70.02198,779.5,3
22,San Martín,0,0,Moyobamba,-6.03441,-76.97423,789.8,4
23,Tacna,0,0,Tacna,-18.01465,-70.25362,11.5,0
24,Tumbes,0,0,Tumbes,-3.55592,-80.44258,332.3,1
25,Ucayali,0,0,Pucallpa,-8.37915,-74.55387,1288.8,20
